-- phpMyAdmin SQL Dump
-- version 5.2.1
-- https://www.phpmyadmin.net/
--
-- Host: 127.0.0.1
-- Generation Time: Apr 18, 2025 at 07:18 AM
-- Server version: 10.4.32-MariaDB
-- PHP Version: 8.2.12

SET SQL_MODE = "NO_AUTO_VALUE_ON_ZERO";
START TRANSACTION;
SET time_zone = "+00:00";


/*!40101 SET @OLD_CHARACTER_SET_CLIENT=@@CHARACTER_SET_CLIENT */;
/*!40101 SET @OLD_CHARACTER_SET_RESULTS=@@CHARACTER_SET_RESULTS */;
/*!40101 SET @OLD_COLLATION_CONNECTION=@@COLLATION_CONNECTION */;
/*!40101 SET NAMES utf8mb4 */;

--
-- Database: `bikonomi_1`
--

-- --------------------------------------------------------

--
-- Table structure for table `account_tbl`
--

CREATE TABLE `account_tbl` (
  `account_id` int(11) NOT NULL,
  `username` varchar(50) NOT NULL,
  `password` varchar(255) NOT NULL,
  `email` varchar(100) NOT NULL,
  `created_at` datetime NOT NULL DEFAULT current_timestamp()
) ENGINE=InnoDB DEFAULT CHARSET=utf8mb4 COLLATE=utf8mb4_general_ci;

--
-- Dumping data for table `account_tbl`
--

INSERT INTO `account_tbl` (`account_id`, `username`, `password`, `email`, `created_at`) VALUES
(1, 'Test', 'Test', 'Test@gmail.com', '2025-04-01 12:22:19'),
(20, 'TestUser1', '$2y$10$n4ObgUZbTwLE3oeJN0aQxuOh4jTi9bdZx5R29FKDklYKSE9vr1H46', 'user1@example.com', '2024-01-01 10:00:00'),
(21, 'TestUser2', '$2y$10$n4ObgUZbTwLE3oeJN0aQxuOh4jTi9bdZx5R29FKDklYKSE9vr1H46', 'user2@example.com', '2024-01-01 11:00:00'),
(22, 'TestUser3', '$2y$10$n4ObgUZbTwLE3oeJN0aQxuOh4jTi9bdZx5R29FKDklYKSE9vr1H46', 'user3@example.com', '2024-01-01 12:00:00'),
(23, 'Mark1', '$2y$10$G84pzvtB09opjX8mgoBe7.fIiR2PPG27LV1zFl7Jm5.zbNSxhTwxC', 'markclarencemarfil@gmail.com', '2025-04-08 14:24:09');

-- --------------------------------------------------------

--
-- Table structure for table `bike_tbl`
--

CREATE TABLE `bike_tbl` (
  `bike_id` int(11) NOT NULL,
  `bike_type_id` int(11) NOT NULL,
  `account_id` int(11) NOT NULL,
  `bike_name` varchar(100) NOT NULL,
  `bike_color` varchar(100) NOT NULL,
  `bike_accessories` varchar(100) NOT NULL,
  `bike_brand` varchar(100) NOT NULL,
  `bike_serial_gps` varchar(100) NOT NULL,
  `image_path` varchar(255) DEFAULT NULL
) ENGINE=InnoDB DEFAULT CHARSET=utf8mb4 COLLATE=utf8mb4_general_ci;

--
-- Dumping data for table `bike_tbl`
--

INSERT INTO `bike_tbl` (`bike_id`, `bike_type_id`, `account_id`, `bike_name`, `bike_color`, `bike_accessories`, `bike_brand`, `bike_serial_gps`, `image_path`) VALUES
(1, 1, 23, 'Bike ko', 'Green', 'None', 'Sample Brand', '98723413', 'images/67eb6a4b4f2a7.jpeg'),
(6, 5, 23, 'Bike 4824', 'Green', 'None', 'Sample', '89726383', 'images/67f1c145762ff.jpeg'),
(7, 6, 23, 'Bike 9999', 'Green', 'None', 'Brand-X', '3601737137', 'images/67f1c29bef68a.jpeg'),
(47, 40, 23, 'Mountain Explorer', 'Red', 'Light, Bell', 'Trek', '12345678', 'images/sample1.jpeg'),
(48, 41, 23, 'Road Runner', 'Blue', 'Water Bottle', 'Specialized', '23456789', 'images/sample2.jpeg'),
(49, 42, 23, 'City Cruiser', 'Black', 'Basket, Light', 'Giant', '34567890', 'images/sample3.jpeg'),
(50, 43, 23, 'BMX Pro', 'Green', 'Pegs', 'Mongoose', '45678901', 'images/sample4.jpeg'),
(51, 44, 23, 'Urban Commuter', 'Silver', 'Rack, Fenders', 'Cannondale', '56789012', 'images/sample5.jpeg'),
(52, 45, 23, 'Electric Rider', 'Blue', 'Battery Pack', 'Rad Power', '67890123', 'images/sample6.jpeg');

-- --------------------------------------------------------

--
-- Table structure for table `bike_type_tbl`
--

CREATE TABLE `bike_type_tbl` (
  `bike_type_id` int(11) NOT NULL,
  `bike_type_name` varchar(50) NOT NULL
) ENGINE=InnoDB DEFAULT CHARSET=utf8mb4 COLLATE=utf8mb4_general_ci;

--
-- Dumping data for table `bike_type_tbl`
--

INSERT INTO `bike_type_tbl` (`bike_type_id`, `bike_type_name`) VALUES
(1, 'Mountain Bike'),
(5, 'Sports Bike'),
(6, 'Sample'),
(40, 'Mountain Bike'),
(41, 'Road Bike'),
(42, 'City Bike'),
(43, 'BMX'),
(44, 'Hybrid Bike'),
(45, 'Electric Bike');

-- --------------------------------------------------------

--
-- Table structure for table `notification_tbl`
--

CREATE TABLE `notification_tbl` (
  `notification_id` int(11) NOT NULL,
  `account_id` int(11) NOT NULL,
  `title` varchar(255) NOT NULL,
  `message` text NOT NULL,
  `date_created` datetime NOT NULL DEFAULT current_timestamp(),
  `is_read` tinyint(1) NOT NULL DEFAULT 0
) ENGINE=InnoDB DEFAULT CHARSET=utf8mb4 COLLATE=utf8mb4_general_ci;

-- --------------------------------------------------------

--
-- Table structure for table `payment_tbl`
--

CREATE TABLE `payment_tbl` (
  `payment_id` int(11) NOT NULL,
  `rent_id` int(11) NOT NULL,
  `amount_paid` double NOT NULL,
  `date` datetime NOT NULL
) ENGINE=InnoDB DEFAULT CHARSET=utf8mb4 COLLATE=utf8mb4_general_ci;

--
-- Dumping data for table `payment_tbl`
--

INSERT INTO `payment_tbl` (`payment_id`, `rent_id`, `amount_paid`, `date`) VALUES
(12, 8, 461.85, '2025-04-06 07:55:01'),
(348, 87, 75, '2024-01-05 09:38:00'),
(349, 88, 157.5, '2024-01-05 11:24:00'),
(350, 89, 270, '2024-01-05 15:09:00'),
(351, 90, 110, '2024-01-08 08:44:00'),
(352, 91, 585, '2024-01-08 11:30:00'),
(353, 92, 100, '2024-01-12 12:12:00'),
(354, 93, 105, '2024-01-12 14:18:00'),
(355, 94, 225, '2024-01-12 16:59:00'),
(356, 95, 330, '2024-01-16 10:37:00'),
(357, 96, 292.5, '2024-01-16 13:06:00'),
(358, 97, 525, '2024-01-16 16:56:00'),
(359, 98, 62.5, '2024-01-20 10:34:00'),
(360, 99, 122.5, '2024-01-20 14:08:00'),
(361, 100, 202.5, '2024-01-20 17:38:00'),
(362, 101, 165, '2024-01-24 09:16:00'),
(363, 102, 325, '2024-01-24 12:20:00'),
(364, 103, 450, '2024-01-24 15:24:00'),
(365, 104, 112.5, '2024-01-28 10:06:00'),
(366, 105, 210, '2024-01-28 13:04:00'),
(367, 106, 337.5, '2024-01-28 16:45:00'),
(368, 107, 220, '2024-02-03 11:19:00'),
(369, 108, 390, '2024-02-03 14:52:00'),
(370, 109, 375, '2024-02-07 09:59:00'),
(371, 110, 75, '2024-02-07 12:50:00'),
(372, 111, 157.5, '2024-02-12 09:24:00'),
(373, 112, 247.5, '2024-02-12 12:40:00'),
(374, 113, 137.5, '2024-02-12 14:59:00'),
(375, 114, 455, '2024-02-17 11:11:00'),
(376, 115, 300, '2024-02-17 14:12:00'),
(377, 116, 125, '2024-02-22 10:44:00'),
(378, 117, 227.5, '2024-02-22 13:43:00'),
(379, 118, 157.5, '2024-02-26 08:55:00'),
(380, 119, 302.5, '2024-02-26 11:56:00'),
(381, 120, 292.5, '2024-02-26 15:32:00'),
(382, 121, 225, '2024-03-02 10:50:00'),
(383, 122, 112.5, '2024-03-02 13:54:00'),
(384, 123, 210, '2024-03-02 16:45:00'),
(385, 124, 157.5, '2024-03-06 10:10:00'),
(386, 125, 275, '2024-03-06 13:12:00'),
(387, 126, 260, '2024-03-11 09:34:00'),
(388, 127, 412.5, '2024-03-11 12:28:00'),
(389, 128, 62.5, '2024-03-11 14:48:00'),
(390, 129, 245, '2024-03-16 11:13:00'),
(391, 130, 135, '2024-03-16 14:01:00'),
(392, 131, 247.5, '2024-03-20 10:05:00'),
(393, 132, 390, '2024-03-20 13:03:00'),
(394, 133, 262.5, '2024-03-20 16:06:00'),
(395, 134, 125, '2024-03-25 09:25:00'),
(396, 135, 140, '2024-03-25 12:30:00'),
(397, 136, 247.5, '2024-03-25 15:25:00'),
(398, 137, 165, '2024-03-30 11:21:00'),
(399, 138, 292.5, '2024-03-30 14:09:00'),
(400, 139, 450, '2024-04-03 10:08:00'),
(401, 140, 100, '2024-04-03 13:15:00'),
(402, 141, 175, '2024-04-03 16:44:00'),
(403, 142, 157.5, '2024-04-07 08:51:00'),
(404, 143, 357.5, '2024-04-07 12:06:00'),
(405, 144, 292.5, '2024-04-07 15:15:00'),
(406, 145, 225, '2024-04-12 11:24:00'),
(407, 146, 137.5, '2024-04-12 14:32:00'),
(408, 147, 140, '2024-04-16 10:02:00'),
(409, 148, 270, '2024-04-16 13:06:00'),
(410, 149, 275, '2024-04-16 16:26:00'),
(411, 150, 227.5, '2024-04-20 09:26:00'),
(412, 151, 337.5, '2024-04-20 12:16:00'),
(413, 152, 175, '2024-04-20 15:31:00'),
(414, 153, 105, '2024-04-24 10:31:00'),
(415, 154, 225, '2024-04-24 14:24:00'),
(416, 155, 220, '2024-04-28 10:25:00'),
(417, 156, 357.5, '2024-04-28 13:31:00'),
(418, 157, 487.5, '2024-04-28 16:20:00'),
(419, 158, 87.5, '2024-05-02 09:10:00'),
(420, 159, 175, '2024-05-02 12:40:00'),
(421, 160, 202.5, '2024-05-02 15:16:00'),
(422, 161, 330, '2024-05-06 11:17:00'),
(423, 162, 260, '2024-05-06 13:44:00'),
(424, 163, 412.5, '2024-05-11 10:32:00'),
(425, 164, 75, '2024-05-11 12:49:00'),
(426, 165, 157.5, '2024-05-11 16:30:00'),
(427, 166, 225, '2024-05-15 09:42:00'),
(428, 167, 192.5, '2024-05-15 12:10:00'),
(429, 168, 422.5, '2024-05-19 11:11:00'),
(430, 169, 300, '2024-05-19 14:15:00'),
(431, 170, 137.5, '2024-05-19 17:16:00'),
(432, 171, 105, '2024-05-23 09:34:00'),
(433, 172, 270, '2024-05-23 13:36:00'),
(434, 173, 247.5, '2024-05-28 09:08:00'),
(435, 174, 325, '2024-05-28 11:54:00'),
(436, 175, 262.5, '2024-05-28 15:10:00'),
(437, 176, 150, '2024-06-02 11:47:00'),
(438, 177, 157.5, '2024-06-02 14:23:00'),
(439, 178, 315, '2024-06-02 17:16:00'),
(440, 179, 220, '2024-06-06 09:58:00'),
(441, 180, 357.5, '2024-06-06 13:04:00'),
(442, 181, 375, '2024-06-06 16:24:00'),
(443, 182, 87.5, '2024-06-10 09:27:00'),
(444, 183, 227.5, '2024-06-10 12:38:00'),
(445, 184, 202.5, '2024-06-14 10:50:00'),
(446, 185, 330, '2024-06-14 14:34:00'),
(447, 186, 260, '2024-06-14 17:03:00'),
(448, 187, 375, '2024-06-18 10:44:00'),
(449, 188, 75, '2024-06-18 13:01:00'),
(450, 189, 192.5, '2024-06-22 09:19:00'),
(451, 190, 180, '2024-06-22 11:42:00'),
(452, 191, 357.5, '2024-06-22 15:40:00'),
(453, 192, 292.5, '2024-06-26 11:08:00'),
(454, 193, 450, '2024-06-26 14:06:00'),
(455, 194, 87.5, '2024-06-26 17:09:00'),
(456, 195, 245, '2024-07-01 10:15:00'),
(457, 196, 225, '2024-07-01 13:24:00'),
(458, 197, 330, '2024-07-01 16:51:00'),
(459, 198, 292.5, '2024-07-05 09:07:00'),
(460, 199, 487.5, '2024-07-05 12:11:00'),
(461, 200, 100, '2024-07-05 15:10:00'),
(462, 201, 192.5, '2024-07-09 11:45:00'),
(463, 202, 225, '2024-07-09 14:23:00'),
(464, 203, 412.5, '2024-07-13 10:33:00'),
(465, 204, 292.5, '2024-07-13 12:50:00'),
(466, 205, 450, '2024-07-13 16:38:00'),
(467, 206, 100, '2024-07-17 09:30:00'),
(468, 207, 192.5, '2024-07-17 12:25:00'),
(469, 208, 292.5, '2024-07-17 15:28:00'),
(470, 209, 275, '2024-07-21 10:58:00'),
(471, 210, 455, '2024-07-21 14:46:00'),
(472, 211, 337.5, '2024-07-25 10:38:00'),
(473, 212, 150, '2024-07-25 13:32:00'),
(474, 213, 175, '2024-07-25 16:13:00'),
(475, 214, 292.5, '2024-07-29 09:40:00'),
(476, 215, 247.5, '2024-07-29 12:30:00'),
(477, 216, 357.5, '2024-07-29 15:30:00'),
(478, 217, 300, '2024-08-02 11:00:00'),
(479, 218, 150, '2024-08-02 14:01:00'),
(480, 219, 175, '2024-08-02 17:29:00'),
(481, 220, 315, '2024-08-06 10:43:00'),
(482, 221, 247.5, '2024-08-06 13:00:00'),
(483, 222, 357.5, '2024-08-10 09:42:00'),
(484, 223, 300, '2024-08-10 12:19:00'),
(485, 224, 162.5, '2024-08-10 15:20:00'),
(486, 225, 175, '2024-08-14 10:54:00'),
(487, 226, 315, '2024-08-14 14:41:00'),
(488, 227, 247.5, '2024-08-18 10:02:00'),
(489, 228, 390, '2024-08-18 13:08:00'),
(490, 229, 375, '2024-08-18 16:23:00'),
(491, 230, 100, '2024-08-22 09:26:00'),
(492, 231, 192.5, '2024-08-22 12:33:00'),
(493, 232, 292.5, '2024-08-26 11:58:00'),
(494, 233, 275, '2024-08-26 14:25:00'),
(495, 234, 292.5, '2024-08-26 16:49:00'),
(496, 235, 450, '2024-08-30 10:04:00'),
(497, 236, 100, '2024-08-30 13:18:00'),
(498, 237, 192.5, '2024-09-03 09:10:00'),
(499, 238, 180, '2024-09-03 11:45:00'),
(500, 239, 330, '2024-09-03 15:38:00'),
(501, 240, 292.5, '2024-09-07 11:02:00'),
(502, 241, 375, '2024-09-07 13:58:00'),
(503, 242, 87.5, '2024-09-11 10:26:00'),
(504, 243, 210, '2024-09-11 13:35:00'),
(505, 244, 202.5, '2024-09-11 16:09:00'),
(506, 245, 302.5, '2024-09-15 09:34:00'),
(507, 246, 260, '2024-09-15 12:33:00'),
(508, 247, 375, '2024-09-19 10:56:00'),
(509, 248, 87.5, '2024-09-19 14:11:00'),
(510, 249, 157.5, '2024-09-19 17:02:00'),
(511, 250, 270, '2024-09-23 10:19:00'),
(512, 251, 220, '2024-09-23 12:42:00'),
(513, 252, 325, '2024-09-27 09:44:00'),
(514, 253, 337.5, '2024-09-27 12:17:00'),
(515, 254, 137.5, '2024-09-27 15:12:00'),
(516, 255, 140, '2024-10-01 10:43:00'),
(517, 256, 225, '2024-10-01 14:29:00'),
(518, 257, 192.5, '2024-10-01 16:43:00'),
(519, 258, 292.5, '2024-10-05 10:17:00'),
(520, 259, 450, '2024-10-05 13:21:00'),
(521, 260, 75, '2024-10-09 09:20:00'),
(522, 261, 175, '2024-10-09 12:29:00'),
(523, 262, 180, '2024-10-09 15:03:00'),
(524, 263, 302.5, '2024-10-13 11:47:00'),
(525, 264, 227.5, '2024-10-13 14:14:00'),
(526, 265, 337.5, '2024-10-17 10:03:00'),
(527, 266, 150, '2024-10-17 13:02:00'),
(528, 267, 140, '2024-10-17 16:19:00'),
(529, 268, 225, '2024-10-21 09:44:00'),
(530, 269, 165, '2024-10-21 12:01:00'),
(531, 270, 292.5, '2024-10-25 10:52:00'),
(532, 271, 262.5, '2024-10-25 14:06:00'),
(533, 272, 137.5, '2024-10-25 17:17:00'),
(534, 273, 140, '2024-10-29 10:26:00'),
(535, 274, 225, '2024-10-29 13:25:00'),
(537, 275, 72.08, '2025-04-08 15:44:24'),
(538, 277, 288.27, '2025-04-08 15:44:36'),
(539, 280, 30, '2025-04-11 03:14:05'),
(540, 281, 30, '2025-04-13 09:50:30'),
(541, 282, 30, '2025-04-18 11:36:04');

-- --------------------------------------------------------

--
-- Table structure for table `rate_tbl`
--

CREATE TABLE `rate_tbl` (
  `rate_id` int(11) NOT NULL,
  `bike_id` int(11) NOT NULL,
  `rate_per_minute` double NOT NULL,
  `date_time` datetime NOT NULL DEFAULT current_timestamp()
) ENGINE=InnoDB DEFAULT CHARSET=utf8mb4 COLLATE=utf8mb4_general_ci;

--
-- Dumping data for table `rate_tbl`
--

INSERT INTO `rate_tbl` (`rate_id`, `bike_id`, `rate_per_minute`, `date_time`) VALUES
(52, 6, 5, '2025-04-08 14:31:37'),
(53, 7, 9, '2025-04-08 14:31:37'),
(54, 1, 1, '2025-04-08 14:31:37'),
(55, 50, 2.5, '2025-04-08 14:31:37'),
(56, 49, 4, '2025-04-08 14:31:37'),
(57, 52, 3, '2025-04-08 14:31:37'),
(58, 47, 5, '2025-04-08 14:31:37'),
(59, 48, 4.5, '2025-04-08 14:31:37'),
(60, 51, 6, '2025-04-08 14:31:37');

-- --------------------------------------------------------

--
-- Table structure for table `rental_tbl`
--

CREATE TABLE `rental_tbl` (
  `rent_id` int(11) NOT NULL,
  `bike_id` int(11) NOT NULL,
  `rate_id` int(11) NOT NULL,
  `time_limit` time NOT NULL,
  `start_time` datetime NOT NULL,
  `expected_end_time` datetime NOT NULL,
  `end_time` datetime DEFAULT NULL
) ENGINE=InnoDB DEFAULT CHARSET=utf8mb4 COLLATE=utf8mb4_general_ci;

--
-- Dumping data for table `rental_tbl`
--

INSERT INTO `rental_tbl` (`rent_id`, `bike_id`, `rate_id`, `time_limit`, `start_time`, `expected_end_time`, `end_time`) VALUES
(1, 1, 1, '00:30:00', '2024-01-05 09:00:00', '2024-01-05 09:30:00', '2024-01-05 09:32:00'),
(2, 50, 2, '00:45:00', '2024-01-05 10:30:00', '2024-01-05 11:15:00', '2024-01-05 11:24:00'),
(3, 49, 3, '01:00:00', '2024-01-05 14:00:00', '2024-01-05 15:00:00', '2024-01-05 15:01:00'),
(4, 52, 4, '00:20:00', '2024-01-08 08:15:00', '2024-01-08 08:35:00', '2024-01-08 08:35:00'),
(5, 47, 5, '01:30:00', '2024-01-08 10:00:00', '2024-01-08 11:30:00', '2024-01-08 11:36:00'),
(6, 1, 1, '00:40:00', '2024-01-12 11:30:00', '2024-01-12 12:10:00', '2024-01-12 12:11:00'),
(7, 50, 2, '00:30:00', '2024-01-12 13:45:00', '2024-01-12 14:15:00', '2024-01-12 14:20:00'),
(8, 49, 3, '00:50:00', '2024-01-12 16:00:00', '2024-01-12 16:50:00', '2024-01-12 16:56:00'),
(9, 52, 4, '01:00:00', '2024-01-16 09:30:00', '2024-01-16 10:30:00', '2024-01-16 10:34:00'),
(87, 1, 1, '00:30:00', '2024-01-05 09:00:00', '2024-01-05 09:30:00', '2024-01-05 09:38:00'),
(88, 50, 2, '00:45:00', '2024-01-05 10:30:00', '2024-01-05 11:15:00', '2024-01-05 11:24:00'),
(89, 49, 3, '01:00:00', '2024-01-05 14:00:00', '2024-01-05 15:00:00', '2024-01-05 15:09:00'),
(90, 52, 4, '00:20:00', '2024-01-08 08:15:00', '2024-01-08 08:35:00', '2024-01-08 08:44:00'),
(91, 47, 5, '01:30:00', '2024-01-08 10:00:00', '2024-01-08 11:30:00', '2024-01-08 11:30:00'),
(92, 1, 1, '00:40:00', '2024-01-12 11:30:00', '2024-01-12 12:10:00', '2024-01-12 12:12:00'),
(93, 50, 2, '00:30:00', '2024-01-12 13:45:00', '2024-01-12 14:15:00', '2024-01-12 14:18:00'),
(94, 49, 3, '00:50:00', '2024-01-12 16:00:00', '2024-01-12 16:50:00', '2024-01-12 16:59:00'),
(95, 52, 4, '01:00:00', '2024-01-16 09:30:00', '2024-01-16 10:30:00', '2024-01-16 10:37:00'),
(96, 47, 5, '00:45:00', '2024-01-16 12:15:00', '2024-01-16 13:00:00', '2024-01-16 13:06:00'),
(97, 6, 6, '01:10:00', '2024-01-16 15:45:00', '2024-01-16 16:55:00', '2024-01-16 16:56:00'),
(98, 1, 1, '00:25:00', '2024-01-20 10:00:00', '2024-01-20 10:25:00', '2024-01-20 10:34:00'),
(99, 50, 2, '00:35:00', '2024-01-20 13:30:00', '2024-01-20 14:05:00', '2024-01-20 14:08:00'),
(100, 49, 3, '00:45:00', '2024-01-20 16:45:00', '2024-01-20 17:30:00', '2024-01-20 17:38:00'),
(101, 52, 4, '00:30:00', '2024-01-24 08:45:00', '2024-01-24 09:15:00', '2024-01-24 09:16:00'),
(102, 47, 5, '00:50:00', '2024-01-24 11:30:00', '2024-01-24 12:20:00', '2024-01-24 12:20:00'),
(103, 6, 6, '01:00:00', '2024-01-24 14:15:00', '2024-01-24 15:15:00', '2024-01-24 15:24:00'),
(104, 1, 1, '00:45:00', '2024-01-28 09:15:00', '2024-01-28 10:00:00', '2024-01-28 10:06:00'),
(105, 50, 2, '01:00:00', '2024-01-28 12:00:00', '2024-01-28 13:00:00', '2024-01-28 13:04:00'),
(106, 49, 3, '01:15:00', '2024-01-28 15:30:00', '2024-01-28 16:45:00', '2024-01-28 16:45:00'),
(107, 52, 4, '00:40:00', '2024-02-03 10:30:00', '2024-02-03 11:10:00', '2024-02-03 11:19:00'),
(108, 47, 5, '01:00:00', '2024-02-03 13:45:00', '2024-02-03 14:45:00', '2024-02-03 14:52:00'),
(109, 6, 6, '00:50:00', '2024-02-07 09:00:00', '2024-02-07 09:50:00', '2024-02-07 09:59:00'),
(110, 1, 1, '00:30:00', '2024-02-07 12:15:00', '2024-02-07 12:45:00', '2024-02-07 12:50:00'),
(111, 50, 2, '00:45:00', '2024-02-12 08:30:00', '2024-02-12 09:15:00', '2024-02-12 09:24:00'),
(112, 49, 3, '00:55:00', '2024-02-12 11:45:00', '2024-02-12 12:40:00', '2024-02-12 12:40:00'),
(113, 52, 4, '00:25:00', '2024-02-12 14:30:00', '2024-02-12 14:55:00', '2024-02-12 14:59:00'),
(114, 47, 5, '01:10:00', '2024-02-17 10:00:00', '2024-02-17 11:10:00', '2024-02-17 11:11:00'),
(115, 6, 6, '00:40:00', '2024-02-17 13:30:00', '2024-02-17 14:10:00', '2024-02-17 14:12:00'),
(116, 1, 1, '00:50:00', '2024-02-22 09:45:00', '2024-02-22 10:35:00', '2024-02-22 10:44:00'),
(117, 50, 2, '01:05:00', '2024-02-22 12:30:00', '2024-02-22 13:35:00', '2024-02-22 13:43:00'),
(118, 49, 3, '00:35:00', '2024-02-26 08:15:00', '2024-02-26 08:50:00', '2024-02-26 08:55:00'),
(119, 52, 4, '00:55:00', '2024-02-26 11:00:00', '2024-02-26 11:55:00', '2024-02-26 11:56:00'),
(120, 47, 5, '00:45:00', '2024-02-26 14:45:00', '2024-02-26 15:30:00', '2024-02-26 15:32:00'),
(121, 6, 6, '00:30:00', '2024-03-02 10:15:00', '2024-03-02 10:45:00', '2024-03-02 10:50:00'),
(122, 1, 1, '00:45:00', '2024-03-02 13:00:00', '2024-03-02 13:45:00', '2024-03-02 13:54:00'),
(123, 50, 2, '01:00:00', '2024-03-02 15:45:00', '2024-03-02 16:45:00', '2024-03-02 16:45:00'),
(124, 49, 3, '00:35:00', '2024-03-06 09:30:00', '2024-03-06 10:05:00', '2024-03-06 10:10:00'),
(125, 52, 4, '00:50:00', '2024-03-06 12:15:00', '2024-03-06 13:05:00', '2024-03-06 13:12:00'),
(126, 47, 5, '00:40:00', '2024-03-11 08:45:00', '2024-03-11 09:25:00', '2024-03-11 09:34:00'),
(127, 6, 6, '00:55:00', '2024-03-11 11:30:00', '2024-03-11 12:25:00', '2024-03-11 12:28:00'),
(128, 1, 1, '00:25:00', '2024-03-11 14:15:00', '2024-03-11 14:40:00', '2024-03-11 14:48:00'),
(129, 50, 2, '01:10:00', '2024-03-16 10:00:00', '2024-03-16 11:10:00', '2024-03-16 11:13:00'),
(130, 49, 3, '00:30:00', '2024-03-16 13:30:00', '2024-03-16 14:00:00', '2024-03-16 14:01:00'),
(131, 52, 4, '00:45:00', '2024-03-20 09:15:00', '2024-03-20 10:00:00', '2024-03-20 10:05:00'),
(132, 47, 5, '01:00:00', '2024-03-20 12:00:00', '2024-03-20 13:00:00', '2024-03-20 13:03:00'),
(133, 6, 6, '00:35:00', '2024-03-20 15:30:00', '2024-03-20 16:05:00', '2024-03-20 16:06:00'),
(134, 1, 1, '00:50:00', '2024-03-25 08:30:00', '2024-03-25 09:20:00', '2024-03-25 09:25:00'),
(135, 50, 2, '00:40:00', '2024-03-25 11:45:00', '2024-03-25 12:25:00', '2024-03-25 12:30:00'),
(136, 49, 3, '00:55:00', '2024-03-25 14:30:00', '2024-03-25 15:25:00', '2024-03-25 15:25:00'),
(137, 52, 4, '00:30:00', '2024-03-30 10:45:00', '2024-03-30 11:15:00', '2024-03-30 11:21:00'),
(138, 47, 5, '00:45:00', '2024-03-30 13:15:00', '2024-03-30 14:00:00', '2024-03-30 14:09:00'),
(139, 6, 6, '01:00:00', '2024-04-03 09:00:00', '2024-04-03 10:00:00', '2024-04-03 10:08:00'),
(140, 1, 1, '00:40:00', '2024-04-03 12:30:00', '2024-04-03 13:10:00', '2024-04-03 13:15:00'),
(141, 50, 2, '00:50:00', '2024-04-03 15:45:00', '2024-04-03 16:35:00', '2024-04-03 16:44:00'),
(142, 49, 3, '00:35:00', '2024-04-07 08:15:00', '2024-04-07 08:50:00', '2024-04-07 08:51:00'),
(143, 52, 4, '01:05:00', '2024-04-07 11:00:00', '2024-04-07 12:05:00', '2024-04-07 12:06:00'),
(144, 47, 5, '00:45:00', '2024-04-07 14:30:00', '2024-04-07 15:15:00', '2024-04-07 15:15:00'),
(145, 6, 6, '00:30:00', '2024-04-12 10:45:00', '2024-04-12 11:15:00', '2024-04-12 11:24:00'),
(146, 1, 1, '00:55:00', '2024-04-12 13:30:00', '2024-04-12 14:25:00', '2024-04-12 14:32:00'),
(147, 50, 2, '00:40:00', '2024-04-16 09:15:00', '2024-04-16 09:55:00', '2024-04-16 10:02:00'),
(148, 49, 3, '01:00:00', '2024-04-16 12:00:00', '2024-04-16 13:00:00', '2024-04-16 13:06:00'),
(149, 52, 4, '00:50:00', '2024-04-16 15:30:00', '2024-04-16 16:20:00', '2024-04-16 16:26:00'),
(150, 47, 5, '00:35:00', '2024-04-20 08:45:00', '2024-04-20 09:20:00', '2024-04-20 09:26:00'),
(151, 6, 6, '00:45:00', '2024-04-20 11:30:00', '2024-04-20 12:15:00', '2024-04-20 12:16:00'),
(152, 1, 1, '01:10:00', '2024-04-20 14:15:00', '2024-04-20 15:25:00', '2024-04-20 15:31:00'),
(153, 50, 2, '00:30:00', '2024-04-24 10:00:00', '2024-04-24 10:30:00', '2024-04-24 10:31:00'),
(154, 49, 3, '00:50:00', '2024-04-24 13:30:00', '2024-04-24 14:20:00', '2024-04-24 14:24:00'),
(155, 52, 4, '00:40:00', '2024-04-28 09:45:00', '2024-04-28 10:25:00', '2024-04-28 10:25:00'),
(156, 47, 5, '00:55:00', '2024-04-28 12:30:00', '2024-04-28 13:25:00', '2024-04-28 13:31:00'),
(157, 6, 6, '01:05:00', '2024-04-28 15:15:00', '2024-04-28 16:20:00', '2024-04-28 16:20:00'),
(158, 1, 1, '00:35:00', '2024-05-02 08:30:00', '2024-05-02 09:05:00', '2024-05-02 09:10:00'),
(159, 50, 2, '00:50:00', '2024-05-02 11:45:00', '2024-05-02 12:35:00', '2024-05-02 12:40:00'),
(160, 49, 3, '00:45:00', '2024-05-02 14:30:00', '2024-05-02 15:15:00', '2024-05-02 15:16:00'),
(161, 52, 4, '01:00:00', '2024-05-06 10:15:00', '2024-05-06 11:15:00', '2024-05-06 11:17:00'),
(162, 47, 5, '00:40:00', '2024-05-06 13:00:00', '2024-05-06 13:40:00', '2024-05-06 13:44:00'),
(163, 6, 6, '00:55:00', '2024-05-11 09:30:00', '2024-05-11 10:25:00', '2024-05-11 10:32:00'),
(164, 1, 1, '00:30:00', '2024-05-11 12:15:00', '2024-05-11 12:45:00', '2024-05-11 12:49:00'),
(165, 50, 2, '00:45:00', '2024-05-11 15:45:00', '2024-05-11 16:30:00', '2024-05-11 16:30:00'),
(166, 49, 3, '00:50:00', '2024-05-15 08:45:00', '2024-05-15 09:35:00', '2024-05-15 09:42:00'),
(167, 52, 4, '00:35:00', '2024-05-15 11:30:00', '2024-05-15 12:05:00', '2024-05-15 12:10:00'),
(168, 47, 5, '01:05:00', '2024-05-19 10:00:00', '2024-05-19 11:05:00', '2024-05-19 11:11:00'),
(169, 6, 6, '00:40:00', '2024-05-19 13:30:00', '2024-05-19 14:10:00', '2024-05-19 14:15:00'),
(170, 1, 1, '00:55:00', '2024-05-19 16:15:00', '2024-05-19 17:10:00', '2024-05-19 17:16:00'),
(171, 50, 2, '00:30:00', '2024-05-23 09:00:00', '2024-05-23 09:30:00', '2024-05-23 09:34:00'),
(172, 49, 3, '01:00:00', '2024-05-23 12:30:00', '2024-05-23 13:30:00', '2024-05-23 13:36:00'),
(173, 52, 4, '00:45:00', '2024-05-28 08:15:00', '2024-05-28 09:00:00', '2024-05-28 09:08:00'),
(174, 47, 5, '00:50:00', '2024-05-28 11:00:00', '2024-05-28 11:50:00', '2024-05-28 11:54:00'),
(175, 6, 6, '00:35:00', '2024-05-28 14:30:00', '2024-05-28 15:05:00', '2024-05-28 15:10:00'),
(176, 1, 1, '01:00:00', '2024-06-02 10:45:00', '2024-06-02 11:45:00', '2024-06-02 11:47:00'),
(177, 50, 2, '00:45:00', '2024-06-02 13:30:00', '2024-06-02 14:15:00', '2024-06-02 14:23:00'),
(178, 49, 3, '01:10:00', '2024-06-02 16:00:00', '2024-06-02 17:10:00', '2024-06-02 17:16:00'),
(179, 52, 4, '00:40:00', '2024-06-06 09:15:00', '2024-06-06 09:55:00', '2024-06-06 09:58:00'),
(180, 47, 5, '00:55:00', '2024-06-06 12:00:00', '2024-06-06 12:55:00', '2024-06-06 13:04:00'),
(181, 6, 6, '00:50:00', '2024-06-06 15:30:00', '2024-06-06 16:20:00', '2024-06-06 16:24:00'),
(182, 1, 1, '00:35:00', '2024-06-10 08:45:00', '2024-06-10 09:20:00', '2024-06-10 09:27:00'),
(183, 50, 2, '01:05:00', '2024-06-10 11:30:00', '2024-06-10 12:35:00', '2024-06-10 12:38:00'),
(184, 49, 3, '00:45:00', '2024-06-14 10:00:00', '2024-06-14 10:45:00', '2024-06-14 10:50:00'),
(185, 52, 4, '01:00:00', '2024-06-14 13:30:00', '2024-06-14 14:30:00', '2024-06-14 14:34:00'),
(186, 47, 5, '00:40:00', '2024-06-14 16:15:00', '2024-06-14 16:55:00', '2024-06-14 17:03:00'),
(187, 6, 6, '00:50:00', '2024-06-18 09:45:00', '2024-06-18 10:35:00', '2024-06-18 10:44:00'),
(188, 1, 1, '00:30:00', '2024-06-18 12:30:00', '2024-06-18 13:00:00', '2024-06-18 13:01:00'),
(189, 50, 2, '00:55:00', '2024-06-22 08:15:00', '2024-06-22 09:10:00', '2024-06-22 09:19:00'),
(190, 49, 3, '00:40:00', '2024-06-22 11:00:00', '2024-06-22 11:40:00', '2024-06-22 11:42:00'),
(191, 52, 4, '01:05:00', '2024-06-22 14:30:00', '2024-06-22 15:35:00', '2024-06-22 15:40:00'),
(192, 47, 5, '00:45:00', '2024-06-26 10:15:00', '2024-06-26 11:00:00', '2024-06-26 11:08:00'),
(193, 6, 6, '01:00:00', '2024-06-26 13:00:00', '2024-06-26 14:00:00', '2024-06-26 14:06:00'),
(194, 1, 1, '00:35:00', '2024-06-26 16:30:00', '2024-06-26 17:05:00', '2024-06-26 17:09:00'),
(195, 50, 2, '01:10:00', '2024-07-01 09:00:00', '2024-07-01 10:10:00', '2024-07-01 10:15:00'),
(196, 49, 3, '00:50:00', '2024-07-01 12:30:00', '2024-07-01 13:20:00', '2024-07-01 13:24:00'),
(197, 52, 4, '01:00:00', '2024-07-01 15:45:00', '2024-07-01 16:45:00', '2024-07-01 16:51:00'),
(198, 47, 5, '00:45:00', '2024-07-05 08:15:00', '2024-07-05 09:00:00', '2024-07-05 09:07:00'),
(199, 6, 6, '01:05:00', '2024-07-05 11:00:00', '2024-07-05 12:05:00', '2024-07-05 12:11:00'),
(200, 1, 1, '00:40:00', '2024-07-05 14:30:00', '2024-07-05 15:10:00', '2024-07-05 15:10:00'),
(201, 50, 2, '00:55:00', '2024-07-09 10:45:00', '2024-07-09 11:40:00', '2024-07-09 11:45:00'),
(202, 49, 3, '00:50:00', '2024-07-09 13:30:00', '2024-07-09 14:20:00', '2024-07-09 14:23:00'),
(203, 52, 4, '01:15:00', '2024-07-13 09:15:00', '2024-07-13 10:30:00', '2024-07-13 10:33:00'),
(204, 47, 5, '00:45:00', '2024-07-13 12:00:00', '2024-07-13 12:45:00', '2024-07-13 12:50:00'),
(205, 6, 6, '01:00:00', '2024-07-13 15:30:00', '2024-07-13 16:30:00', '2024-07-13 16:38:00'),
(206, 1, 1, '00:40:00', '2024-07-17 08:45:00', '2024-07-17 09:25:00', '2024-07-17 09:30:00'),
(207, 50, 2, '00:55:00', '2024-07-17 11:30:00', '2024-07-17 12:25:00', '2024-07-17 12:25:00'),
(208, 49, 3, '01:05:00', '2024-07-17 14:15:00', '2024-07-17 15:20:00', '2024-07-17 15:28:00'),
(209, 52, 4, '00:50:00', '2024-07-21 10:00:00', '2024-07-21 10:50:00', '2024-07-21 10:58:00'),
(210, 47, 5, '01:10:00', '2024-07-21 13:30:00', '2024-07-21 14:40:00', '2024-07-21 14:46:00'),
(211, 6, 6, '00:45:00', '2024-07-25 09:45:00', '2024-07-25 10:30:00', '2024-07-25 10:38:00'),
(212, 1, 1, '01:00:00', '2024-07-25 12:30:00', '2024-07-25 13:30:00', '2024-07-25 13:32:00'),
(213, 50, 2, '00:50:00', '2024-07-25 15:15:00', '2024-07-25 16:05:00', '2024-07-25 16:13:00'),
(214, 49, 3, '01:05:00', '2024-07-29 08:30:00', '2024-07-29 09:35:00', '2024-07-29 09:40:00'),
(215, 52, 4, '00:45:00', '2024-07-29 11:45:00', '2024-07-29 12:30:00', '2024-07-29 12:30:00'),
(216, 47, 5, '00:55:00', '2024-07-29 14:30:00', '2024-07-29 15:25:00', '2024-07-29 15:30:00'),
(217, 6, 6, '00:40:00', '2024-08-02 10:15:00', '2024-08-02 10:55:00', '2024-08-02 11:00:00'),
(218, 1, 1, '01:00:00', '2024-08-02 13:00:00', '2024-08-02 14:00:00', '2024-08-02 14:01:00'),
(219, 50, 2, '00:50:00', '2024-08-02 16:30:00', '2024-08-02 17:20:00', '2024-08-02 17:29:00'),
(220, 49, 3, '01:10:00', '2024-08-06 09:30:00', '2024-08-06 10:40:00', '2024-08-06 10:43:00'),
(221, 52, 4, '00:45:00', '2024-08-06 12:15:00', '2024-08-06 13:00:00', '2024-08-06 13:00:00'),
(222, 47, 5, '00:55:00', '2024-08-10 08:45:00', '2024-08-10 09:40:00', '2024-08-10 09:42:00'),
(223, 6, 6, '00:40:00', '2024-08-10 11:30:00', '2024-08-10 12:10:00', '2024-08-10 12:19:00'),
(224, 1, 1, '01:05:00', '2024-08-10 14:15:00', '2024-08-10 15:20:00', '2024-08-10 15:20:00'),
(225, 50, 2, '00:50:00', '2024-08-14 10:00:00', '2024-08-14 10:50:00', '2024-08-14 10:54:00'),
(226, 49, 3, '01:10:00', '2024-08-14 13:30:00', '2024-08-14 14:40:00', '2024-08-14 14:41:00'),
(227, 52, 4, '00:45:00', '2024-08-18 09:15:00', '2024-08-18 10:00:00', '2024-08-18 10:02:00'),
(228, 47, 5, '01:00:00', '2024-08-18 12:00:00', '2024-08-18 13:00:00', '2024-08-18 13:08:00'),
(229, 6, 6, '00:50:00', '2024-08-18 15:30:00', '2024-08-18 16:20:00', '2024-08-18 16:23:00'),
(230, 1, 1, '00:40:00', '2024-08-22 08:45:00', '2024-08-22 09:25:00', '2024-08-22 09:26:00'),
(231, 50, 2, '00:55:00', '2024-08-22 11:30:00', '2024-08-22 12:25:00', '2024-08-22 12:33:00'),
(232, 49, 3, '01:05:00', '2024-08-26 10:45:00', '2024-08-26 11:50:00', '2024-08-26 11:58:00'),
(233, 52, 4, '00:50:00', '2024-08-26 13:30:00', '2024-08-26 14:20:00', '2024-08-26 14:25:00'),
(234, 47, 5, '00:45:00', '2024-08-26 16:00:00', '2024-08-26 16:45:00', '2024-08-26 16:49:00'),
(235, 6, 6, '01:00:00', '2024-08-30 09:00:00', '2024-08-30 10:00:00', '2024-08-30 10:04:00'),
(236, 1, 1, '00:40:00', '2024-08-30 12:30:00', '2024-08-30 13:10:00', '2024-08-30 13:18:00'),
(237, 50, 2, '00:55:00', '2024-09-03 08:15:00', '2024-09-03 09:10:00', '2024-09-03 09:10:00'),
(238, 49, 3, '00:40:00', '2024-09-03 11:00:00', '2024-09-03 11:40:00', '2024-09-03 11:45:00'),
(239, 52, 4, '01:00:00', '2024-09-03 14:30:00', '2024-09-03 15:30:00', '2024-09-03 15:38:00'),
(240, 47, 5, '00:45:00', '2024-09-07 10:15:00', '2024-09-07 11:00:00', '2024-09-07 11:02:00'),
(241, 6, 6, '00:50:00', '2024-09-07 13:00:00', '2024-09-07 13:50:00', '2024-09-07 13:58:00'),
(242, 1, 1, '00:35:00', '2024-09-11 09:45:00', '2024-09-11 10:20:00', '2024-09-11 10:26:00'),
(243, 50, 2, '01:00:00', '2024-09-11 12:30:00', '2024-09-11 13:30:00', '2024-09-11 13:35:00'),
(244, 49, 3, '00:45:00', '2024-09-11 15:15:00', '2024-09-11 16:00:00', '2024-09-11 16:09:00'),
(245, 52, 4, '00:55:00', '2024-09-15 08:30:00', '2024-09-15 09:25:00', '2024-09-15 09:34:00'),
(246, 47, 5, '00:40:00', '2024-09-15 11:45:00', '2024-09-15 12:25:00', '2024-09-15 12:33:00'),
(247, 6, 6, '00:50:00', '2024-09-19 10:00:00', '2024-09-19 10:50:00', '2024-09-19 10:56:00'),
(248, 1, 1, '00:35:00', '2024-09-19 13:30:00', '2024-09-19 14:05:00', '2024-09-19 14:11:00'),
(249, 50, 2, '00:45:00', '2024-09-19 16:15:00', '2024-09-19 17:00:00', '2024-09-19 17:02:00'),
(250, 49, 3, '01:00:00', '2024-09-23 09:15:00', '2024-09-23 10:15:00', '2024-09-23 10:19:00'),
(251, 52, 4, '00:40:00', '2024-09-23 12:00:00', '2024-09-23 12:40:00', '2024-09-23 12:42:00'),
(252, 47, 5, '00:50:00', '2024-09-27 08:45:00', '2024-09-27 09:35:00', '2024-09-27 09:44:00'),
(253, 6, 6, '00:45:00', '2024-09-27 11:30:00', '2024-09-27 12:15:00', '2024-09-27 12:17:00'),
(254, 1, 1, '00:55:00', '2024-09-27 14:15:00', '2024-09-27 15:10:00', '2024-09-27 15:12:00'),
(255, 50, 2, '00:40:00', '2024-10-01 10:00:00', '2024-10-01 10:40:00', '2024-10-01 10:43:00'),
(256, 49, 3, '00:50:00', '2024-10-01 13:30:00', '2024-10-01 14:20:00', '2024-10-01 14:29:00'),
(257, 52, 4, '00:35:00', '2024-10-01 16:00:00', '2024-10-01 16:35:00', '2024-10-01 16:43:00'),
(258, 47, 5, '00:45:00', '2024-10-05 09:30:00', '2024-10-05 10:15:00', '2024-10-05 10:17:00'),
(259, 6, 6, '01:00:00', '2024-10-05 12:15:00', '2024-10-05 13:15:00', '2024-10-05 13:21:00'),
(260, 1, 1, '00:30:00', '2024-10-09 08:45:00', '2024-10-09 09:15:00', '2024-10-09 09:20:00'),
(261, 50, 2, '00:50:00', '2024-10-09 11:30:00', '2024-10-09 12:20:00', '2024-10-09 12:29:00'),
(262, 49, 3, '00:40:00', '2024-10-09 14:15:00', '2024-10-09 14:55:00', '2024-10-09 15:03:00'),
(263, 52, 4, '00:55:00', '2024-10-13 10:45:00', '2024-10-13 11:40:00', '2024-10-13 11:47:00'),
(264, 47, 5, '00:35:00', '2024-10-13 13:30:00', '2024-10-13 14:05:00', '2024-10-13 14:14:00'),
(265, 6, 6, '00:45:00', '2024-10-17 09:15:00', '2024-10-17 10:00:00', '2024-10-17 10:03:00'),
(266, 1, 1, '01:00:00', '2024-10-17 12:00:00', '2024-10-17 13:00:00', '2024-10-17 13:02:00'),
(267, 50, 2, '00:40:00', '2024-10-17 15:30:00', '2024-10-17 16:10:00', '2024-10-17 16:19:00'),
(268, 49, 3, '00:50:00', '2024-10-21 08:45:00', '2024-10-21 09:35:00', '2024-10-21 09:44:00'),
(269, 52, 4, '00:30:00', '2024-10-21 11:30:00', '2024-10-21 12:00:00', '2024-10-21 12:01:00'),
(270, 47, 5, '00:45:00', '2024-10-25 10:00:00', '2024-10-25 10:45:00', '2024-10-25 10:52:00'),
(271, 6, 6, '00:35:00', '2024-10-25 13:30:00', '2024-10-25 14:05:00', '2024-10-25 14:06:00'),
(272, 1, 1, '00:55:00', '2024-10-25 16:15:00', '2024-10-25 17:10:00', '2024-10-25 17:17:00'),
(273, 50, 2, '00:40:00', '2024-10-29 09:45:00', '2024-10-29 10:25:00', '2024-10-29 10:26:00'),
(274, 49, 3, '00:50:00', '2024-10-29 12:30:00', '2024-10-29 13:20:00', '2024-10-29 13:25:00'),
(275, 1, 54, '00:30:00', '2025-04-08 14:32:14', '2025-04-08 15:02:14', '2025-04-08 15:44:24'),
(276, 7, 53, '00:30:00', '2025-04-08 14:32:22', '2025-04-08 15:02:22', '2025-04-08 15:04:46'),
(277, 49, 56, '00:30:00', '2025-04-08 14:32:29', '2025-04-08 15:02:29', '2025-04-08 15:44:36'),
(280, 1, 54, '00:30:00', '2025-04-11 03:11:59', '2025-04-11 03:41:59', '2025-04-11 03:14:05'),
(281, 1, 54, '00:30:00', '2025-04-13 09:50:23', '2025-04-13 10:20:23', '2025-04-13 09:50:30'),
(282, 1, 54, '00:30:00', '2025-04-18 11:35:58', '2025-04-18 12:05:58', '2025-04-18 11:36:04');

-- --------------------------------------------------------

--
-- Table structure for table `user_tbl`
--

CREATE TABLE `user_tbl` (
  `account_id` int(11) NOT NULL,
  `first_name` varchar(50) NOT NULL,
  `middle_name` varchar(50) DEFAULT NULL,
  `last_name` varchar(50) NOT NULL,
  `suffix` varchar(5) DEFAULT NULL,
  `contact` varchar(13) NOT NULL,
  `image_path` varchar(255) DEFAULT NULL
) ENGINE=InnoDB DEFAULT CHARSET=utf8mb4 COLLATE=utf8mb4_general_ci;

--
-- Dumping data for table `user_tbl`
--

INSERT INTO `user_tbl` (`account_id`, `first_name`, `middle_name`, `last_name`, `suffix`, `contact`, `image_path`) VALUES
(23, 'Mark Clarence', '', 'Marfil', '', '09457388860', NULL);

--
-- Indexes for dumped tables
--

--
-- Indexes for table `account_tbl`
--
ALTER TABLE `account_tbl`
  ADD PRIMARY KEY (`account_id`);

--
-- Indexes for table `bike_tbl`
--
ALTER TABLE `bike_tbl`
  ADD PRIMARY KEY (`bike_id`),
  ADD KEY `bike_type_id` (`bike_type_id`),
  ADD KEY `account_id` (`account_id`);

--
-- Indexes for table `bike_type_tbl`
--
ALTER TABLE `bike_type_tbl`
  ADD PRIMARY KEY (`bike_type_id`);

--
-- Indexes for table `notification_tbl`
--
ALTER TABLE `notification_tbl`
  ADD PRIMARY KEY (`notification_id`),
  ADD KEY `account_id` (`account_id`);

--
-- Indexes for table `payment_tbl`
--
ALTER TABLE `payment_tbl`
  ADD PRIMARY KEY (`payment_id`),
  ADD UNIQUE KEY `rent_id` (`rent_id`);

--
-- Indexes for table `rate_tbl`
--
ALTER TABLE `rate_tbl`
  ADD PRIMARY KEY (`rate_id`),
  ADD UNIQUE KEY `bike_id` (`bike_id`);

--
-- Indexes for table `rental_tbl`
--
ALTER TABLE `rental_tbl`
  ADD PRIMARY KEY (`rent_id`),
  ADD KEY `bike_id` (`bike_id`),
  ADD KEY `rate_id` (`rate_id`);

--
-- Indexes for table `user_tbl`
--
ALTER TABLE `user_tbl`
  ADD UNIQUE KEY `account_id` (`account_id`);

--
-- AUTO_INCREMENT for dumped tables
--

--
-- AUTO_INCREMENT for table `account_tbl`
--
ALTER TABLE `account_tbl`
  MODIFY `account_id` int(11) NOT NULL AUTO_INCREMENT, AUTO_INCREMENT=24;

--
-- AUTO_INCREMENT for table `bike_tbl`
--
ALTER TABLE `bike_tbl`
  MODIFY `bike_id` int(11) NOT NULL AUTO_INCREMENT, AUTO_INCREMENT=53;

--
-- AUTO_INCREMENT for table `bike_type_tbl`
--
ALTER TABLE `bike_type_tbl`
  MODIFY `bike_type_id` int(11) NOT NULL AUTO_INCREMENT, AUTO_INCREMENT=46;

--
-- AUTO_INCREMENT for table `notification_tbl`
--
ALTER TABLE `notification_tbl`
  MODIFY `notification_id` int(11) NOT NULL AUTO_INCREMENT;

--
-- AUTO_INCREMENT for table `payment_tbl`
--
ALTER TABLE `payment_tbl`
  MODIFY `payment_id` int(11) NOT NULL AUTO_INCREMENT, AUTO_INCREMENT=542;

--
-- AUTO_INCREMENT for table `rate_tbl`
--
ALTER TABLE `rate_tbl`
  MODIFY `rate_id` int(11) NOT NULL AUTO_INCREMENT, AUTO_INCREMENT=61;

--
-- AUTO_INCREMENT for table `rental_tbl`
--
ALTER TABLE `rental_tbl`
  MODIFY `rent_id` int(11) NOT NULL AUTO_INCREMENT, AUTO_INCREMENT=283;

--
-- Constraints for dumped tables
--

--
-- Constraints for table `bike_tbl`
--
ALTER TABLE `bike_tbl`
  ADD CONSTRAINT `bike_tbl_ibfk_1` FOREIGN KEY (`bike_type_id`) REFERENCES `bike_type_tbl` (`bike_type_id`) ON DELETE CASCADE ON UPDATE CASCADE;

--
-- Constraints for table `notification_tbl`
--
ALTER TABLE `notification_tbl`
  ADD CONSTRAINT `notification_tbl_ibfk_1` FOREIGN KEY (`account_id`) REFERENCES `account_tbl` (`account_id`) ON DELETE CASCADE ON UPDATE CASCADE;

--
-- Constraints for table `payment_tbl`
--
ALTER TABLE `payment_tbl`
  ADD CONSTRAINT `payment_tbl_ibfk_1` FOREIGN KEY (`rent_id`) REFERENCES `rental_tbl` (`rent_id`) ON DELETE CASCADE ON UPDATE CASCADE;

--
-- Constraints for table `rate_tbl`
--
ALTER TABLE `rate_tbl`
  ADD CONSTRAINT `rate_tbl_ibfk_1` FOREIGN KEY (`bike_id`) REFERENCES `bike_tbl` (`bike_id`) ON DELETE CASCADE ON UPDATE CASCADE;

--
-- Constraints for table `rental_tbl`
--
ALTER TABLE `rental_tbl`
  ADD CONSTRAINT `rental_tbl_ibfk_2` FOREIGN KEY (`rate_id`) REFERENCES `rate_tbl` (`rate_id`) ON DELETE CASCADE ON UPDATE CASCADE,
  ADD CONSTRAINT `rental_tbl_ibfk_3` FOREIGN KEY (`bike_id`) REFERENCES `rate_tbl` (`bike_id`) ON DELETE CASCADE ON UPDATE CASCADE;

--
-- Constraints for table `user_tbl`
--
ALTER TABLE `user_tbl`
  ADD CONSTRAINT `user_tbl_ibfk_1` FOREIGN KEY (`account_id`) REFERENCES `account_tbl` (`account_id`) ON DELETE CASCADE ON UPDATE CASCADE;
COMMIT;

/*!40101 SET CHARACTER_SET_CLIENT=@OLD_CHARACTER_SET_CLIENT */;
/*!40101 SET CHARACTER_SET_RESULTS=@OLD_CHARACTER_SET_RESULTS */;
/*!40101 SET COLLATION_CONNECTION=@OLD_COLLATION_CONNECTION */;
